  "id","type","user_id","target_id","content","delete","created_at","updated_at","hide"
  "23","like_comment","2","81401",NULL,"0","2020-12-06 01:07:05","2020-12-06 01:07:05","0"
  "28","like","2063","489",NULL,"0","2020-12-06 03:20:45","2020-12-06 03:20:45","0"
  "31","like","2063","2059",NULL,"0","2020-12-06 03:20:45","2020-12-06 03:20:45","0"
  "55","like","2063","4030",NULL,"0","2020-12-06 03:20:45","2020-12-06 03:20:45","0"
  "56","like","2063","2927",NULL,"0","2020-12-06 03:20:45","2020-12-06 03:20:45","0"
  "79","like","2063","242",NULL,"0","2020-12-06 03:20:45","2020-12-06 03:20:45","0"
  "88","like","2063","3692",NULL,"0","2020-12-06 03:20:45","2020-12-06 03:20:45","0"
  "90","like","2063","3368",NULL,"0","2020-12-06 03:20:45","2020-12-06 03:20:45","0"
  "91","like","2063","2135",NULL,"0","2020-12-06 03:20:45","2020-12-06 03:20:45","0"
  "92","like","2063","5495",NULL,"0","2020-12-06 03:20:45","2020-12-06 03:20:45","0"
  "99","like","2063","540",NULL,"0","2020-12-06 03:20:45","2020-12-06 03:20:45","0"
  "111","like","2063","679",NULL,"0","2020-12-06 03:20:45","2020-12-06 03:20:45","0"
  "115","like","2063","4320",NULL,"0","2020-12-06 03:20:45","2020-12-06 03:20:45","0"
  "126","like","2063","5412",NULL,"0","2020-12-06 03:20:45","2020-12-06 03:20:45","0"
  "134","like","2063","1964",NULL,"0","2020-12-06 03:20:45","2020-12-06 03:20:45","0"
  "166","like","2063","3919",NULL,"0","2020-12-06 03:20:45","2020-12-06 03:20:45","0"
  "172","like","2063","2243",NULL,"0","2020-12-06 03:20:45","2020-12-06 03:20:45","0"
  "187","like","2063","1954",NULL,"0","2020-12-06 03:20:45","2020-12-06 03:20:45","0"
  "204","like","2063","3368",NULL,"0","2020-12-06 03:20:45","2020-12-06 03:20:45","0"
  "206","like","2063","2829",NULL,"0","2020-12-06 03:20:45","2020-12-06 03:20:45","0"
  "215","like","2063","842",NULL,"0","2020-12-06 03:20:45","2020-12-06 03:20:45","0"
  "223","like","2063","5280",NULL,"0","2020-12-06 03:20:45","2020-12-06 03:20:45","0"
  "231","like","2063","1139",NULL,"0","2020-12-06 03:20:45","2020-12-06 03:20:45","0"
  "248","like","2063","3462",NULL,"0","2020-12-06 03:20:45","2020-12-06 03:20:45","0"
  "259","like","2063","4285",NULL,"0","2020-12-06 03:20:45","2020-12-06 03:20:45","0"
  "268","like","2063","4666",NULL,"0","2020-12-06 03:20:45","2020-12-06 03:20:45","0"
  "276","like","2063","1719",NULL,"0","2020-12-06 03:20:45","2020-12-06 03:20:45","0"
  "278","like","2063","3952",NULL,"0","2020-12-06 03:20:45","2020-12-06 03:20:45","0"
  "298","like","2063","6425",NULL,"0","2020-12-06 03:20:45","2020-12-06 03:20:45","0"
  "310","like","2063","4151",NULL,"0","2020-12-06 03:20:45","2020-12-06 03:20:45","0"
  "337","like","2063","1335",NULL,"0","2020-12-06 03:20:45","2020-12-06 03:20:45","0"
  "340","like","2063","2539",NULL,"0","2020-12-06 03:20:45","2020-12-06 03:20:45","0"
  "371","like","2063","2921",NULL,"0","2020-12-06 03:20:45","2020-12-06 03:20:45","0"
  "406","like","2063","4224",NULL,"0","2020-12-06 03:20:45","2020-12-06 03:20:45","0"
  "415","like","2063","4920",NULL,"0","2020-12-06 03:20:45","2020-12-06 03:20:45","0"
  "419","like","2063","3253",NULL,"0","2020-12-06 03:20:45","2020-12-06 03:20:45","0"
  "423","like","2063","4137",NULL,"0","2020-12-06 03:20:45","2020-12-06 03:20:45","0"
  "435","like","2063","434",NULL,"0","2020-12-06 03:20:45","2020-12-06 03:20:45","0"
  "444","like","2063","5336",NULL,"0","2020-12-06 03:20:45","2020-12-06 03:20:45","0"
  "471","like","2063","5977",NULL,"0","2020-12-06 03:20:45","2020-12-06 03:20:45","0"
  "487","like","2063","5512",NULL,"0","2020-12-06 03:20:45","2020-12-06 03:20:45","0"
  "521","like","2063","2319",NULL,"0","2020-12-06 03:20:45","2020-12-06 03:20:45","0"
