  "id","user_id","video_id","current_like","current_dislike","current_view","liked","disliked","created_at","updated_at"
  "1","2603","6504","483000","12000","45901496","0","0","2020-12-02 21:47:13","2020-12-02 21:47:13"
  "2","2063","5166","42073","249","6051114","0","0","2020-12-05 23:53:24","2020-12-05 23:53:24"
  "3","2063","679","48964","452","2236041","0","0","2020-12-05 23:53:24","2020-12-05 23:53:24"
  "4","2063","5896","2773","561","1266743","0","0","2020-12-05 23:53:24","2020-12-05 23:53:24"
  "5","2063","4861","2554","540","490352","0","0","2020-12-05 23:53:24","2020-12-05 23:53:24"
  "6","2063","2893","19403","969","2707725","0","0","2020-12-05 23:53:24","2020-12-05 23:53:24"
  "7","2063","300","44414","166","4067454","0","0","2020-12-05 23:53:24","2020-12-05 23:53:24"
  "8","2063","422","75051","324","7552043","0","0","2020-12-05 23:53:24","2020-12-05 23:53:24"
  "9","2063","158","66138","310","801864","0","0","2020-12-05 23:53:24","2020-12-05 23:53:24"
  "10","2063","216","7099","550","4585418","0","0","2020-12-05 23:53:24","2020-12-05 23:53:24"
  "11","2063","559","56006","695","1645134","0","0","2020-12-05 23:53:24","2020-12-05 23:53:24"
  "12","2063","1662","82205","201","9345632","0","0","2020-12-05 23:53:24","2020-12-05 23:53:24"
  "13","2063","6236","98239","939","1086193","0","0","2020-12-05 23:53:24","2020-12-05 23:53:24"
  "14","2063","370","37517","850","3086272","0","0","2020-12-05 23:53:24","2020-12-05 23:53:24"
  "15","2063","1169","28346","918","9321923","0","0","2020-12-05 23:53:24","2020-12-05 23:53:24"
  "16","2063","6039","42249","479","7489672","0","0","2020-12-05 23:53:24","2020-12-05 23:53:24"
  "17","2063","5221","96435","274","3028043","0","0","2020-12-05 23:53:24","2020-12-05 23:53:24"
  "18","2063","3765","33181","275","3894008","0","0","2020-12-05 23:53:24","2020-12-05 23:53:24"
  "19","2063","3919","67558","322","7481629","0","0","2020-12-05 23:53:24","2020-12-05 23:53:24"
  "20","2063","1954","56227","329","3332385","0","0","2020-12-05 23:53:24","2020-12-05 23:53:24"
  "21","2063","4517","12397","367","7559884","0","0","2020-12-05 23:53:24","2020-12-05 23:53:24"
  "22","2063","3338","76109","847","7943439","0","0","2020-12-05 23:53:24","2020-12-05 23:53:24"
  "23","2063","522","72190","476","717586","0","0","2020-12-05 23:53:24","2020-12-05 23:53:24"
  "24","2063","4244","18376","389","4734793","0","0","2020-12-05 23:53:24","2020-12-05 23:53:24"
  "25","2063","3420","48928","395","4028458","0","0","2020-12-05 23:53:24","2020-12-05 23:53:24"
  "26","2063","594","83996","284","4267296","0","0","2020-12-05 23:53:24","2020-12-05 23:53:24"
  "27","2063","3269","62675","599","8986912","0","0","2020-12-05 23:53:24","2020-12-05 23:53:24"
  "28","2063","5300","92780","620","3324437","0","0","2020-12-05 23:53:24","2020-12-05 23:53:24"
  "29","2063","5554","70149","533","6612644","0","0","2020-12-05 23:53:24","2020-12-05 23:53:24"
  "30","2063","4911","42363","529","615435","0","0","2020-12-05 23:53:24","2020-12-05 23:53:24"
  "31","2063","5313","47606","429","586686","0","0","2020-12-05 23:53:24","2020-12-05 23:53:24"
  "32","2063","1828","51048","182","3535778","0","0","2020-12-05 23:53:24","2020-12-05 23:53:24"
  "33","2063","2152","22363","124","2387960","0","0","2020-12-05 23:53:24","2020-12-05 23:53:24"
  "34","2063","5715","56659","859","6985372","0","0","2020-12-05 23:53:24","2020-12-05 23:53:24"
  "35","2063","5330","41976","384","7091558","0","0","2020-12-05 23:53:24","2020-12-05 23:53:24"
  "36","2063","4241","36943","251","7960512","0","0","2020-12-05 23:53:24","2020-12-05 23:53:24"
  "37","2063","4959","5092","607","4028347","0","0","2020-12-05 23:53:24","2020-12-05 23:53:24"
  "38","2063","3409","56433","701","9490917","0","0","2020-12-05 23:53:24","2020-12-05 23:53:24"
  "39","2063","2758","44689","384","4978353","0","0","2020-12-05 23:53:24","2020-12-05 23:53:24"
  "40","2063","2063","35724","355","6450922","0","0","2020-12-05 23:53:24","2020-12-05 23:53:24"
  "41","2063","5480","87863","191","5666792","0","0","2020-12-05 23:53:24","2020-12-05 23:53:24"
  "42","2063","1388","89825","385","6164263","0","0","2020-12-05 23:53:24","2020-12-05 23:53:24"
  "43","2063","4931","28440","335","6993535","0","0","2020-12-05 23:53:24","2020-12-05 23:53:24"
  "44","2063","6425","50161","385","5818217","0","0","2020-12-05 23:53:24","2020-12-05 23:53:24"
  "45","2063","2269","63074","474","1073299","0","0","2020-12-05 23:53:24","2020-12-05 23:53:24"
  "46","2063","2251","85094","770","9835871","0","0","2020-12-05 23:53:24","2020-12-05 23:53:24"
  "47","2063","4772","55249","508","4485363","0","0","2020-12-05 23:53:24","2020-12-05 23:53:24"
  "48","2063","4475","33941","816","1267057","0","0","2020-12-05 23:53:24","2020-12-05 23:53:24"
  "49","2063","1586","85544","685","1906713","0","0","2020-12-05 23:53:24","2020-12-05 23:53:24"
  "50","2063","2212","65324","363","5728859","0","0","2020-12-05 23:53:24","2020-12-05 23:53:24"
  "51","2063","1551","23244","918","8705336","0","0","2020-12-05 23:53:24","2020-12-05 23:53:24"
  "52","2063","743","4917","379","6409971","0","0","2020-12-05 23:53:24","2020-12-05 23:53:24"
  "53","2063","1422","54496","488","5325501","0","0","2020-12-05 23:53:24","2020-12-05 23:53:24"
  "54","2063","5022","76594","942","5248965","0","0","2020-12-05 23:53:24","2020-12-05 23:53:24"
  "55","2063","6344","4449","627","5402363","0","0","2020-12-05 23:53:24","2020-12-05 23:53:24"
  "56","2063","1338","74754","696","9686807","0","0","2020-12-05 23:53:24","2020-12-05 23:53:24"
  "57","2063","3104","93187","420","901899","0","0","2020-12-05 23:53:24","2020-12-05 23:53:24"
  "58","2063","508","28423","790","6957599","0","0","2020-12-05 23:53:24","2020-12-05 23:53:24"
  "59","2063","2283","69300","154","6448677","0","0","2020-12-05 23:53:24","2020-12-05 23:53:24"
  "60","2063","3348","2811","545","4281238","0","0","2020-12-05 23:53:24","2020-12-05 23:53:24"
  "61","2063","1155","10836","916","5576386","0","0","2020-12-05 23:53:24","2020-12-05 23:53:24"
  "62","2063","2541","82127","566","1705368","0","0","2020-12-05 23:53:24","2020-12-05 23:53:24"
  "63","2063","2548","27734","913","3986864","0","0","2020-12-05 23:53:24","2020-12-05 23:53:24"
  "64","2063","4233","73061","472","8823237","0","0","2020-12-05 23:53:24","2020-12-05 23:53:24"
  "65","2063","5165","49416","121","3018868","0","0","2020-12-05 23:53:24","2020-12-05 23:53:24"
  "66","2063","6251","94790","211","3748917","0","0","2020-12-05 23:53:24","2020-12-05 23:53:24"
  "67","2063","5758","19510","217","5757988","0","0","2020-12-05 23:53:24","2020-12-05 23:53:24"
  "68","2063","857","52730","161","4362417","0","0","2020-12-05 23:53:24","2020-12-05 23:53:24"
  "69","2063","1311","28984","224","1213959","0","0","2020-12-05 23:53:24","2020-12-05 23:53:24"
  "70","2063","6359","14335","862","5913051","0","0","2020-12-05 23:53:24","2020-12-05 23:53:24"
  "71","2063","1390","6801","326","108118","0","0","2020-12-05 23:53:24","2020-12-05 23:53:24"
  "72","2063","3930","4355","718","1178974","0","0","2020-12-05 23:53:24","2020-12-05 23:53:24"
  "73","2063","5702","11816","177","7751023","0","0","2020-12-05 23:53:24","2020-12-05 23:53:24"
  "74","2063","5092","90899","201","5418259","0","0","2020-12-05 23:53:24","2020-12-05 23:53:24"
  "75","2063","842","57451","906","7714972","0","0","2020-12-05 23:53:24","2020-12-05 23:53:24"
  "76","2063","3462","54068","940","5158570","0","0","2020-12-05 23:53:24","2020-12-05 23:53:24"
  "77","2063","5143","51581","693","6486151","0","0","2020-12-05 23:53:24","2020-12-05 23:53:24"
  "78","2063","4035","37947","698","4073589","0","0","2020-12-05 23:53:24","2020-12-05 23:53:24"
  "79","2063","1339","86412","127","9541699","0","0","2020-12-05 23:53:24","2020-12-05 23:53:24"
  "80","2063","5216","89861","510","969643","0","0","2020-12-05 23:53:24","2020-12-05 23:53:24"
  "81","2063","3997","16063","768","9577624","0","0","2020-12-05 23:53:24","2020-12-05 23:53:24"
  "82","2063","173","93795","593","1091287","0","0","2020-12-05 23:53:24","2020-12-05 23:53:24"
  "83","2063","6309","65664","944","8606619","0","0","2020-12-05 23:53:24","2020-12-05 23:53:24"
  "84","2063","5909","67072","129","8721694","0","0","2020-12-05 23:53:24","2020-12-05 23:53:24"
  "85","2063","3096","42486","860","2784601","0","0","2020-12-05 23:53:24","2020-12-05 23:53:24"
  "86","2063","5512","75709","897","5430433","0","0","2020-12-05 23:53:24","2020-12-05 23:53:24"
  "87","2063","2193","25132","681","6340042","0","0","2020-12-05 23:53:24","2020-12-05 23:53:24"
  "88","2063","3710","76722","184","2245043","0","0","2020-12-05 23:53:24","2020-12-05 23:53:24"
  "89","2063","5336","9445","193","2550776","0","0","2020-12-05 23:53:24","2020-12-05 23:53:24"
  "90","2063","4165","37761","137","6200199","0","0","2020-12-05 23:53:24","2020-12-05 23:53:24"
  "91","2063","730","48191","601","6470278","0","0","2020-12-05 23:53:24","2020-12-05 23:53:24"
  "92","2063","3066","36766","579","8518442","0","0","2020-12-05 23:53:24","2020-12-05 23:53:24"
  "93","2063","6148","66739","197","4888440","0","0","2020-12-05 23:53:24","2020-12-05 23:53:24"
  "94","2063","4146","83921","236","8973531","0","0","2020-12-05 23:53:24","2020-12-05 23:53:24"
  "95","2063","4756","7565","695","8266309","0","0","2020-12-05 23:53:24","2020-12-05 23:53:24"
  "96","2063","5355","27961","424","337493","0","0","2020-12-05 23:53:24","2020-12-05 23:53:24"
  "97","2063","1719","81383","723","5009923","0","0","2020-12-05 23:53:24","2020-12-05 23:53:24"
  "98","2063","5883","85033","441","7664320","0","0","2020-12-05 23:53:24","2020-12-05 23:53:24"
  "99","2063","5735","85169","126","452912","0","0","2020-12-05 23:53:24","2020-12-05 23:53:24"
  "100","2063","3086","90036","328","7850439","0","0","2020-12-05 23:53:24","2020-12-05 23:53:24"
  "101","2063","2422","14471","159","7829081","0","0","2020-12-05 23:53:24","2020-12-05 23:53:24"
  "102","2063","1092","93724","848","248009","0","0","2020-12-05 23:53:24","2020-12-05 23:53:24"
  "103","2063","356","63744","663","5033796","0","0","2020-12-05 23:53:24","2020-12-05 23:53:24"
  "104","2063","5981","34733","883","7659903","0","0","2020-12-05 23:53:24","2020-12-05 23:53:24"
  "105","2063","2829","33687","477","1676658","0","0","2020-12-05 23:53:24","2020-12-05 23:53:24"
  "106","2063","4745","22258","907","7393194","0","0","2020-12-05 23:53:24","2020-12-05 23:53:24"
  "107","2063","5541","9744","280","443007","0","0","2020-12-05 23:53:24","2020-12-05 23:53:24"
  "108","2063","3521","97764","913","7736188","0","0","2020-12-05 23:53:24","2020-12-05 23:53:24"
  "109","2063","4269","56535","561","3534035","0","0","2020-12-05 23:53:24","2020-12-05 23:53:24"
  "110","2063","4026","53730","300","3935898","0","0","2020-12-05 23:53:24","2020-12-05 23:53:24"
  "111","2063","2622","29703","109","3985789","0","0","2020-12-05 23:53:24","2020-12-05 23:53:24"
  "112","2063","476","34425","883","3319030","0","0","2020-12-05 23:53:24","2020-12-05 23:53:24"
  "113","2063","2416","36729","508","7692524","0","0","2020-12-05 23:53:24","2020-12-05 23:53:24"
  "114","2063","4285","80498","820","4119051","0","0","2020-12-05 23:53:24","2020-12-05 23:53:24"
  "115","2063","2006","16495","880","5048773","0","0","2020-12-05 23:53:24","2020-12-05 23:53:24"
  "116","2063","482","55264","281","4907955","0","0","2020-12-05 23:53:24","2020-12-05 23:53:24"
  "117","2063","4010","53394","600","1908711","0","0","2020-12-05 23:53:24","2020-12-05 23:53:24"
  "118","2063","2024","57116","135","241434","0","0","2020-12-05 23:53:24","2020-12-05 23:53:24"
  "119","2063","5022","58352","821","9614973","0","0","2020-12-05 23:53:24","2020-12-05 23:53:24"
  "120","2063","5061","22521","591","4585731","0","0","2020-12-05 23:53:24","2020-12-05 23:53:24"
  "121","2063","2208","9039","358","1210904","0","0","2020-12-05 23:53:24","2020-12-05 23:53:24"
  "122","2063","3475","83158","214","3032956","0","0","2020-12-05 23:53:24","2020-12-05 23:53:24"
  "123","2063","3003","68808","265","6477699","0","0","2020-12-05 23:53:24","2020-12-05 23:53:24"
  "124","2063","2653","94593","387","2201480","0","0","2020-12-05 23:53:24","2020-12-05 23:53:24"
  "125","2063","1210","79364","363","9119756","0","0","2020-12-05 23:53:24","2020-12-05 23:53:24"
  "126","2063","4030","78117","653","3689929","0","0","2020-12-05 23:53:24","2020-12-05 23:53:24"
  "127","2063","66","73342","604","7444531","0","0","2020-12-05 23:53:24","2020-12-05 23:53:24"
  "128","2063","5054","57278","633","6089449","0","0","2020-12-05 23:53:24","2020-12-05 23:53:24"
  "129","2063","2591","44478","318","1751795","0","0","2020-12-05 23:53:24","2020-12-05 23:53:24"
  "130","2063","4224","28787","178","3970235","0","0","2020-12-05 23:53:24","2020-12-05 23:53:24"
  "131","2063","5572","95356","372","9344023","0","0","2020-12-05 23:53:24","2020-12-05 23:53:24"
  "132","2063","6466","17238","199","8582927","0","0","2020-12-05 23:53:24","2020-12-05 23:53:24"
  "133","2063","3929","62297","963","5480214","0","0","2020-12-05 23:53:24","2020-12-05 23:53:24"
  "134","2063","2317","32522","754","2197380","0","0","2020-12-05 23:53:24","2020-12-05 23:53:24"
  "135","2063","4741","69093","731","4810203","0","0","2020-12-05 23:53:24","2020-12-05 23:53:24"
  "136","2063","2299","29223","443","2697056","0","0","2020-12-05 23:53:24","2020-12-05 23:53:24"
  "137","2063","4886","75759","535","1142216","0","0","2020-12-05 23:53:24","2020-12-05 23:53:24"
  "138","2063","5280","8796","799","9309126","0","0","2020-12-05 23:53:24","2020-12-05 23:53:24"
  "139","2063","1259","53311","270","6030018","0","0","2020-12-05 23:53:24","2020-12-05 23:53:24"
  "140","2063","1886","46320","865","3490787","0","0","2020-12-05 23:53:24","2020-12-05 23:53:24"
  "141","2063","4852","96184","355","2493548","0","0","2020-12-05 23:53:24","2020-12-05 23:53:24"
  "142","2063","4920","53411","953","6452213","0","0","2020-12-05 23:53:24","2020-12-05 23:53:24"
  "143","2063","5382","54465","486","8186202","0","0","2020-12-05 23:53:24","2020-12-05 23:53:24"
  "144","2063","4710","85288","328","4652942","0","0","2020-12-05 23:53:24","2020-12-05 23:53:24"
  "145","2063","2269","34935","925","1480293","0","0","2020-12-05 23:53:24","2020-12-05 23:53:24"
  "146","2063","3858","9759","714","3097451","0","0","2020-12-05 23:53:24","2020-12-05 23:53:24"
  "147","2063","3867","73393","336","7188196","0","0","2020-12-05 23:53:24","2020-12-05 23:53:24"
  "148","2063","4009","63486","905","8339717","0","0","2020-12-05 23:53:24","2020-12-05 23:53:24"
  "149","2063","5286","10103","837","347481","0","0","2020-12-05 23:53:24","2020-12-05 23:53:24"
  "150","2063","2572","79108","345","8185311","0","0","2020-12-05 23:53:24","2020-12-05 23:53:24"
  "151","2063","4127","53068","607","8916657","0","0","2020-12-05 23:53:24","2020-12-05 23:53:24"
  "152","2063","1921","42170","391","9687453","0","0","2020-12-05 23:53:24","2020-12-05 23:53:24"
  "153","2063","6414","17270","293","7136902","0","0","2020-12-05 23:53:24","2020-12-05 23:53:24"
  "154","2063","3638","19375","122","1120907","0","0","2020-12-05 23:53:24","2020-12-05 23:53:24"
  "155","2063","2246","33224","476","2076798","0","0","2020-12-05 23:53:24","2020-12-05 23:53:24"
  "156","2063","4227","39418","222","1080596","0","0","2020-12-05 23:53:24","2020-12-05 23:53:24"
  "157","2063","3661","68406","474","6302912","0","0","2020-12-05 23:53:24","2020-12-05 23:53:24"
  "158","2063","2539","79385","603","590966","0","0","2020-12-05 23:53:24","2020-12-05 23:53:24"
  "159","2063","1139","5443","123","1057146","0","0","2020-12-05 23:53:24","2020-12-05 23:53:24"
  "160","2063","1617","55345","214","3956517","0","0","2020-12-05 23:53:24","2020-12-05 23:53:24"
  "161","2063","36","70158","834","5968768","0","0","2020-12-05 23:53:24","2020-12-05 23:53:24"
  "162","2063","191","19942","706","2605479","0","0","2020-12-05 23:53:24","2020-12-05 23:53:24"
  "163","2063","2982","22543","609","9959776","0","0","2020-12-05 23:53:24","2020-12-05 23:53:24"
  "164","2063","1486","33832","247","8855453","0","0","2020-12-05 23:53:24","2020-12-05 23:53:24"
  "165","2063","3365","41952","873","9305772","0","0","2020-12-05 23:53:24","2020-12-05 23:53:24"
  "166","2063","1966","24798","736","3614498","0","0","2020-12-05 23:53:24","2020-12-05 23:53:24"
  "167","2063","4882","47103","589","6056407","0","0","2020-12-05 23:53:24","2020-12-05 23:53:24"
  "168","2063","516","47940","493","444259","0","0","2020-12-05 23:53:24","2020-12-05 23:53:24"
  "169","2063","4647","62422","880","1227736","0","0","2020-12-05 23:53:24","2020-12-05 23:53:24"
  "170","2063","726","57805","733","2865797","0","0","2020-12-05 23:53:24","2020-12-05 23:53:24"
  "171","2063","762","16118","387","271782","0","0","2020-12-05 23:53:24","2020-12-05 23:53:24"
  "172","2063","5269","77352","393","8551349","0","0","2020-12-05 23:53:24","2020-12-05 23:53:24"
  "173","2063","6196","66877","371","554097","0","0","2020-12-05 23:53:24","2020-12-05 23:53:24"
  "174","2063","5270","67317","244","3708903","0","0","2020-12-05 23:53:24","2020-12-05 23:53:24"
  "175","2063","2457","21450","618","9052014","0","0","2020-12-05 23:53:24","2020-12-05 23:53:24"
  "176","2063","4032","32041","647","7222360","0","0","2020-12-05 23:53:24","2020-12-05 23:53:24"
  "177","2063","4532","52415","635","1353579","0","0","2020-12-05 23:53:24","2020-12-05 23:53:24"
  "178","2063","2341","73847","105","6053231","0","0","2020-12-05 23:53:24","2020-12-05 23:53:24"
  "179","2063","795","16349","643","685800","0","0","2020-12-05 23:53:24","2020-12-05 23:53:24"
  "180","2063","5110","49672","530","4979363","0","0","2020-12-05 23:53:24","2020-12-05 23:53:24"
  "181","2063","2828","85785","205","8468119","0","0","2020-12-05 23:53:24","2020-12-05 23:53:24"
  "182","2063","4482","56371","323","9407993","0","0","2020-12-05 23:53:24","2020-12-05 23:53:24"
  "183","2063","781","29707","718","9662596","0","0","2020-12-05 23:53:24","2020-12-05 23:53:24"
  "184","2063","2282","38487","280","7163004","0","0","2020-12-05 23:53:24","2020-12-05 23:53:24"
  "185","2063","3769","35832","569","806382","0","0","2020-12-05 23:53:24","2020-12-05 23:53:24"
  "186","2063","3830","60302","501","9139655","0","0","2020-12-05 23:53:24","2020-12-05 23:53:24"
  "187","2063","988","55669","508","7662737","0","0","2020-12-05 23:53:24","2020-12-05 23:53:24"
  "188","2063","4466","44644","840","1397344","0","0","2020-12-05 23:53:24","2020-12-05 23:53:24"
  "189","2063","1699","55473","365","3656069","0","0","2020-12-05 23:53:24","2020-12-05 23:53:24"
  "190","2063","4547","20280","568","8652989","0","0","2020-12-05 23:53:24","2020-12-05 23:53:24"
  "191","2063","113","73828","123","8378684","0","0","2020-12-05 23:53:24","2020-12-05 23:53:24"
  "192","2063","6455","29221","276","5106678","0","0","2020-12-05 23:53:24","2020-12-05 23:53:24"
  "193","2063","6184","33711","749","1392212","0","0","2020-12-05 23:53:24","2020-12-05 23:53:24"
  "194","2063","3514","25472","510","489132","0","0","2020-12-05 23:53:24","2020-12-05 23:53:24"
  "195","2063","5343","20637","730","2824788","0","0","2020-12-05 23:53:24","2020-12-05 23:53:24"
  "196","2063","6372","45998","969","391227","0","0","2020-12-05 23:53:24","2020-12-05 23:53:24"
  "197","2063","1720","79003","310","7883652","0","0","2020-12-05 23:53:24","2020-12-05 23:53:24"
  "198","2063","4667","4718","290","5160710","0","0","2020-12-05 23:53:24","2020-12-05 23:53:24"
  "199","2063","5999","8482","901","8898724","0","0","2020-12-05 23:53:24","2020-12-05 23:53:24"
  "200","2063","3620","82636","748","9543833","0","0","2020-12-05 23:53:24","2020-12-05 23:53:24"
  "201","2063","4415","59026","316","5991312","0","0","2020-12-05 23:53:24","2020-12-05 23:53:24"
  "202","2063","1854","99855","394","5166645","0","0","2020-12-05 23:53:24","2020-12-05 23:53:24"
  "203","2063","5167","29908","436","1525588","0","0","2020-12-05 23:53:24","2020-12-05 23:53:24"
  "204","2063","2107","73387","357","6846719","0","0","2020-12-05 23:53:24","2020-12-05 23:53:24"
  "205","2063","5970","25662","793","6068615","0","0","2020-12-05 23:53:24","2020-12-05 23:53:24"
  "206","2063","461","11205","422","8749578","0","0","2020-12-05 23:53:24","2020-12-05 23:53:24"
  "207","2063","1630","66490","630","2812783","0","0","2020-12-05 23:53:24","2020-12-05 23:53:24"
  "208","2063","991","69548","209","4261244","0","0","2020-12-05 23:53:24","2020-12-05 23:53:24"
  "209","2063","5162","85220","693","7930833","0","0","2020-12-05 23:53:24","2020-12-05 23:53:24"
  "210","2063","545","88736","119","2164565","0","0","2020-12-05 23:53:24","2020-12-05 23:53:24"
  "211","2063","3821","59217","361","3101233","0","0","2020-12-05 23:53:24","2020-12-05 23:53:24"
  "212","2063","6313","52466","245","453967","0","0","2020-12-05 23:53:24","2020-12-05 23:53:24"
  "213","2063","901","36278","561","9634033","0","0","2020-12-05 23:53:24","2020-12-05 23:53:24"
  "214","2063","1521","22437","337","9606000","0","0","2020-12-05 23:53:24","2020-12-05 23:53:24"
  "215","2063","5170","39641","590","5913955","0","0","2020-12-05 23:53:24","2020-12-05 23:53:24"
  "216","2063","1969","89955","637","9794425","0","0","2020-12-05 23:53:24","2020-12-05 23:53:24"
  "217","2063","2232","42249","451","7286450","0","0","2020-12-05 23:53:24","2020-12-05 23:53:24"
  "218","2063","4642","50609","792","250746","0","0","2020-12-05 23:53:24","2020-12-05 23:53:24"
  "219","2063","2230","88947","579","6565202","0","0","2020-12-05 23:53:24","2020-12-05 23:53:24"
  "220","2063","6315","68219","591","4671223","0","0","2020-12-05 23:53:24","2020-12-05 23:53:24"
  "221","2063","5994","18991","687","4208105","0","0","2020-12-05 23:53:24","2020-12-05 23:53:24"
  "222","2063","2205","37283","135","8171538","0","0","2020-12-05 23:53:24","2020-12-05 23:53:24"
  "223","2063","752","73796","684","6141778","0","0","2020-12-05 23:53:24","2020-12-05 23:53:24"
  "224","2063","6154","43200","578","143482","0","0","2020-12-05 23:53:24","2020-12-05 23:53:24"
  "225","2063","3952","73891","549","2473474","0","0","2020-12-05 23:53:24","2020-12-05 23:53:24"
  "226","2063","5970","7371","942","7641839","0","0","2020-12-05 23:53:24","2020-12-05 23:53:24"
  "227","2063","5697","75936","484","5038055","0","0","2020-12-05 23:53:24","2020-12-05 23:53:24"
  "228","2063","3899","15035","668","2119556","0","0","2020-12-05 23:53:24","2020-12-05 23:53:24"
  "229","2063","512","13741","759","9852842","0","0","2020-12-05 23:53:24","2020-12-05 23:53:24"
  "230","2063","5688","29660","891","4453855","0","0","2020-12-05 23:53:24","2020-12-05 23:53:24"
  "231","2063","6308","87988","687","7026300","0","0","2020-12-05 23:53:24","2020-12-05 23:53:24"
  "232","2063","5657","17418","115","3900248","0","0","2020-12-05 23:53:24","2020-12-05 23:53:24"
  "233","2063","4636","78034","511","5434009","0","0","2020-12-05 23:53:24","2020-12-05 23:53:24"
  "234","2063","5924","84162","133","4068250","0","0","2020-12-05 23:53:24","2020-12-05 23:53:24"
  "235","2063","218","2997","469","3431870","0","0","2020-12-05 23:53:24","2020-12-05 23:53:24"
  "236","2063","388","73584","395","8841033","0","0","2020-12-05 23:53:24","2020-12-05 23:53:24"
  "237","2063","5605","51657","648","7818312","0","0","2020-12-05 23:53:24","2020-12-05 23:53:24"
  "238","2063","319","96227","415","3010425","0","0","2020-12-05 23:53:24","2020-12-05 23:53:24"
  "239","2063","3904","46490","838","668700","0","0","2020-12-05 23:53:24","2020-12-05 23:53:24"
  "240","2063","2358","44726","949","9636003","0","0","2020-12-05 23:53:24","2020-12-05 23:53:24"
  "241","2063","4137","50998","399","1718318","0","0","2020-12-05 23:53:24","2020-12-05 23:53:24"
  "242","2063","4731","6131","890","5182004","0","0","2020-12-05 23:53:24","2020-12-05 23:53:24"
  "243","2063","5325","44052","468","6499086","0","0","2020-12-05 23:53:24","2020-12-05 23:53:24"
  "244","2063","2502","17018","868","2076883","0","0","2020-12-05 23:53:24","2020-12-05 23:53:24"
  "245","2063","4836","58556","405","2976012","0","0","2020-12-05 23:53:24","2020-12-05 23:53:24"
  "246","2063","5832","66583","813","6734003","0","0","2020-12-05 23:53:24","2020-12-05 23:53:24"
  "247","2063","2613","8022","352","690514","0","0","2020-12-05 23:53:24","2020-12-05 23:53:24"
  "248","2063","4154","88753","667","2784461","0","0","2020-12-05 23:53:24","2020-12-05 23:53:24"
  "249","2063","3867","24543","695","8410340","0","0","2020-12-05 23:53:24","2020-12-05 23:53:24"
  "250","2063","6418","94170","423","572584","0","0","2020-12-05 23:53:24","2020-12-05 23:53:24"
  "251","2063","620","57070","931","1298339","0","0","2020-12-05 23:53:24","2020-12-05 23:53:24"
  "252","2063","4100","91475","274","361655","0","0","2020-12-05 23:53:24","2020-12-05 23:53:24"
  "253","2063","2939","31236","346","5419214","0","0","2020-12-05 23:53:24","2020-12-05 23:53:24"
  "254","2063","3889","33592","984","8066552","0","0","2020-12-05 23:53:24","2020-12-05 23:53:24"
  "255","2063","3657","81555","632","8741709","0","0","2020-12-05 23:53:24","2020-12-05 23:53:24"
  "256","2063","3224","12095","725","193200","0","0","2020-12-05 23:53:24","2020-12-05 23:53:24"
  "257","2063","1647","40082","424","3095446","0","0","2020-12-05 23:53:24","2020-12-05 23:53:24"
  "258","2063","5497","12698","341","2754027","0","0","2020-12-05 23:53:24","2020-12-05 23:53:24"
  "259","2063","2319","61333","727","2743336","0","0","2020-12-05 23:53:24","2020-12-05 23:53:24"
  "260","2063","1307","89246","446","8368570","0","0","2020-12-05 23:53:24","2020-12-05 23:53:24"
  "261","2063","1575","44472","348","9040294","0","0","2020-12-05 23:53:24","2020-12-05 23:53:24"
  "262","2063","4810","12562","637","9765332","0","0","2020-12-05 23:53:24","2020-12-05 23:53:24"
  "263","2063","6296","81821","669","5441052","0","0","2020-12-05 23:53:24","2020-12-05 23:53:24"
  "264","2063","2292","76004","630","107743","0","0","2020-12-05 23:53:24","2020-12-05 23:53:24"
  "265","2063","3551","6382","607","3669731","0","0","2020-12-05 23:53:24","2020-12-05 23:53:24"
  "266","2063","2936","50728","276","2939413","0","0","2020-12-05 23:53:24","2020-12-05 23:53:24"
  "267","2063","4537","65421","364","9488687","0","0","2020-12-05 23:53:24","2020-12-05 23:53:24"
  "268","2063","3390","79485","820","5267705","0","0","2020-12-05 23:53:24","2020-12-05 23:53:24"
  "269","2063","2509","36406","873","8757569","0","0","2020-12-05 23:53:24","2020-12-05 23:53:24"
  "270","2063","3959","33678","860","7438704","0","0","2020-12-05 23:53:24","2020-12-05 23:53:24"
  "271","2063","4310","44274","916","2455965","0","0","2020-12-05 23:53:24","2020-12-05 23:53:24"
  "272","2063","5521","34362","566","7400228","0","0","2020-12-05 23:53:24","2020-12-05 23:53:24"
  "273","2063","1946","23495","211","6623706","0","0","2020-12-05 23:53:24","2020-12-05 23:53:24"
  "274","2063","4320","97920","621","8765371","0","0","2020-12-05 23:53:24","2020-12-05 23:53:24"
  "275","2063","1371","83325","878","4545349","0","0","2020-12-05 23:53:24","2020-12-05 23:53:24"
  "276","2063","6316","33875","476","8257969","0","0","2020-12-05 23:53:24","2020-12-05 23:53:24"
  "277","2063","4689","75095","705","4422280","0","0","2020-12-05 23:53:24","2020-12-05 23:53:24"
  "278","2063","3831","86085","869","2389851","0","0","2020-12-05 23:53:24","2020-12-05 23:53:24"
  "279","2063","1513","28068","983","6093399","0","0","2020-12-05 23:53:24","2020-12-05 23:53:24"
  "280","2063","4358","13098","990","7272966","0","0","2020-12-05 23:53:24","2020-12-05 23:53:24"
  "281","2063","6214","55881","732","6114007","0","0","2020-12-05 23:53:24","2020-12-05 23:53:24"
  "282","2063","4354","8406","294","8736312","0","0","2020-12-05 23:53:24","2020-12-05 23:53:24"
  "283","2063","2714","80675","116","7787008","0","0","2020-12-05 23:53:24","2020-12-05 23:53:24"
  "284","2063","3624","87306","207","1611354","0","0","2020-12-05 23:53:24","2020-12-05 23:53:24"
  "285","2063","5711","47697","916","8484980","0","0","2020-12-05 23:53:24","2020-12-05 23:53:24"
  "286","2063","324","81911","889","2701182","0","0","2020-12-05 23:53:24","2020-12-05 23:53:24"
  "287","2063","434","74048","158","1233634","0","0","2020-12-05 23:53:24","2020-12-05 23:53:24"
  "288","2063","5195","76363","962","2727091","0","0","2020-12-05 23:53:24","2020-12-05 23:53:24"
  "289","2063","5162","39771","863","5149004","0","0","2020-12-05 23:53:24","2020-12-05 23:53:24"
  "290","2063","1883","72847","820","455686","0","0","2020-12-05 23:53:24","2020-12-05 23:53:24"
  "291","2063","2243","46620","807","3538667","0","0","2020-12-05 23:53:24","2020-12-05 23:53:24"
  "292","2063","243","46951","760","2320598","0","0","2020-12-05 23:53:24","2020-12-05 23:53:24"
  "293","2063","4741","28443","458","1418461","0","0","2020-12-05 23:53:24","2020-12-05 23:53:24"
  "294","2063","1209","93963","975","9379824","0","0","2020-12-05 23:53:24","2020-12-05 23:53:24"
  "295","2063","4304","69102","451","2381082","0","0","2020-12-05 23:53:24","2020-12-05 23:53:24"
  "296","2063","488","77972","943","1384930","0","0","2020-12-05 23:53:24","2020-12-05 23:53:24"
  "297","2063","762","44442","414","3605661","0","0","2020-12-05 23:53:24","2020-12-05 23:53:24"
  "298","2063","4298","87720","906","2002748","0","0","2020-12-05 23:53:24","2020-12-05 23:53:24"
  "299","2063","441","55592","184","4314182","0","0","2020-12-05 23:53:24","2020-12-05 23:53:24"
  "300","2063","3381","17335","828","8292658","0","0","2020-12-05 23:53:24","2020-12-05 23:53:24"
  "301","2063","3592","20982","468","5072460","0","0","2020-12-05 23:53:24","2020-12-05 23:53:24"
  "302","2063","5010","32614","875","3751041","0","0","2020-12-05 23:53:24","2020-12-05 23:53:24"
  "303","2063","539","16359","920","9323349","0","0","2020-12-05 23:53:24","2020-12-05 23:53:24"
  "304","2063","803","70756","511","1963128","0","0","2020-12-05 23:53:24","2020-12-05 23:53:24"
  "305","2063","3275","7466","882","747702","0","0","2020-12-05 23:53:24","2020-12-05 23:53:24"
  "306","2063","1851","11483","234","3471229","0","0","2020-12-05 23:53:24","2020-12-05 23:53:24"
  "307","2063","1780","24561","205","7550762","0","0","2020-12-05 23:53:24","2020-12-05 23:53:24"
  "308","2063","1335","61700","385","1939809","0","0","2020-12-05 23:53:24","2020-12-05 23:53:24"
  "309","2063","2448","67611","981","8940563","0","0","2020-12-05 23:53:24","2020-12-05 23:53:24"
  "310","2063","5624","8852","795","4621673","0","0","2020-12-05 23:53:24","2020-12-05 23:53:24"
  "311","2063","504","37364","287","1677084","0","0","2020-12-05 23:53:24","2020-12-05 23:53:24"
  "312","2063","4386","9927","353","4668341","0","0","2020-12-05 23:53:24","2020-12-05 23:53:24"
  "313","2063","2403","20849","318","9154858","0","0","2020-12-05 23:53:24","2020-12-05 23:53:24"
  "314","2063","4185","35194","686","2661146","0","0","2020-12-05 23:53:24","2020-12-05 23:53:24"
  "315","2063","540","88068","670","9870196","0","0","2020-12-05 23:53:24","2020-12-05 23:53:24"
  "316","2063","3692","24791","655","9255830","0","0","2020-12-05 23:53:24","2020-12-05 23:53:24"
  "317","2063","3459","83624","525","5539303","0","0","2020-12-05 23:53:24","2020-12-05 23:53:24"
  "318","2063","5495","29884","224","4007370","0","0","2020-12-05 23:53:24","2020-12-05 23:53:24"
  "319","2063","5665","29102","446","6925108","0","0","2020-12-05 23:53:24","2020-12-05 23:53:24"
  "320","2063","3227","33640","702","6378548","0","0","2020-12-05 23:53:24","2020-12-05 23:53:24"
  "321","2063","4762","88617","827","1109571","0","0","2020-12-05 23:53:24","2020-12-05 23:53:24"
  "322","2063","4666","78843","856","5135756","0","0","2020-12-05 23:53:24","2020-12-05 23:53:24"
  "323","2063","1078","19393","931","4917467","0","0","2020-12-05 23:53:24","2020-12-05 23:53:24"
  "324","2063","5796","31712","401","7365779","0","0","2020-12-05 23:53:24","2020-12-05 23:53:24"
  "325","2063","1903","78828","391","6395925","0","0","2020-12-05 23:53:24","2020-12-05 23:53:24"
  "326","2063","342","79250","300","7957760","0","0","2020-12-05 23:53:24","2020-12-05 23:53:24"
  "327","2063","3942","8952","347","6662315","0","0","2020-12-05 23:53:24","2020-12-05 23:53:24"
  "328","2063","2210","62933","537","8146277","0","0","2020-12-05 23:53:24","2020-12-05 23:53:24"
  "329","2063","6305","36328","555","1821293","0","0","2020-12-05 23:53:24","2020-12-05 23:53:24"
  "330","2063","5977","77869","955","3890692","0","0","2020-12-05 23:53:24","2020-12-05 23:53:24"
  "331","2063","5254","65252","559","1201378","0","0","2020-12-05 23:53:24","2020-12-05 23:53:24"
  "332","2063","4147","26029","864","9534820","0","0","2020-12-05 23:53:24","2020-12-05 23:53:24"
  "333","2063","6002","78419","400","9465013","0","0","2020-12-05 23:53:24","2020-12-05 23:53:24"
  "334","2063","2218","45816","742","4404812","0","0","2020-12-05 23:53:24","2020-12-05 23:53:24"
  "335","2063","3105","8756","249","9308089","0","0","2020-12-05 23:53:24","2020-12-05 23:53:24"
  "336","2063","2401","84406","401","2121588","0","0","2020-12-05 23:53:24","2020-12-05 23:53:24"
  "337","2063","2927","30799","732","4840958","0","0","2020-12-05 23:53:24","2020-12-05 23:53:24"
  "338","2063","3367","54032","822","4746294","0","0","2020-12-05 23:53:24","2020-12-05 23:53:24"
  "339","2063","250","60928","918","5364427","0","0","2020-12-05 23:53:24","2020-12-05 23:53:24"
  "340","2063","1071","16654","948","5876134","0","0","2020-12-05 23:53:24","2020-12-05 23:53:24"
  "341","2063","6075","98526","640","3461756","0","0","2020-12-05 23:53:24","2020-12-05 23:53:24"
  "342","2063","3852","73100","772","3224970","0","0","2020-12-05 23:53:24","2020-12-05 23:53:24"
  "343","2063","2157","45433","951","4743956","0","0","2020-12-05 23:53:24","2020-12-05 23:53:24"
  "344","2063","4227","99008","248","4544759","0","0","2020-12-05 23:53:24","2020-12-05 23:53:24"
  "345","2063","3149","24363","641","6207839","0","0","2020-12-05 23:53:24","2020-12-05 23:53:24"
  "346","2063","4077","35984","174","2195622","0","0","2020-12-05 23:53:24","2020-12-05 23:53:24"
  "347","2063","5723","26161","841","1620223","0","0","2020-12-05 23:53:24","2020-12-05 23:53:24"
  "348","2063","2184","57623","253","982922","0","0","2020-12-05 23:53:24","2020-12-05 23:53:24"
  "349","2063","4368","9625","679","6047400","0","0","2020-12-05 23:53:24","2020-12-05 23:53:24"
  "350","2063","502","60152","146","1021123","0","0","2020-12-05 23:53:24","2020-12-05 23:53:24"
  "351","2063","2135","11023","753","3032508","0","0","2020-12-05 23:53:24","2020-12-05 23:53:24"
  "352","2063","3713","83788","485","1146233","0","0","2020-12-05 23:53:24","2020-12-05 23:53:24"
  "353","2063","2301","30649","138","694114","0","0","2020-12-05 23:53:24","2020-12-05 23:53:24"
  "354","2063","1075","14607","680","5451155","0","0","2020-12-05 23:53:24","2020-12-05 23:53:24"
  "355","2063","3253","13619","691","6725926","0","0","2020-12-05 23:53:24","2020-12-05 23:53:24"
  "356","2063","115","57100","397","2334873","0","0","2020-12-05 23:53:24","2020-12-05 23:53:24"
  "357","2063","3461","71702","199","6385973","0","0","2020-12-05 23:53:24","2020-12-05 23:53:24"
  "358","2063","4321","93434","828","7582714","0","0","2020-12-05 23:53:24","2020-12-05 23:53:24"
  "359","2063","3913","98983","225","4312450","0","0","2020-12-05 23:53:24","2020-12-05 23:53:24"
  "360","2063","100","3473","226","1273234","0","0","2020-12-05 23:53:24","2020-12-05 23:53:24"
  "361","2063","4788","10770","709","7259814","0","0","2020-12-05 23:53:24","2020-12-05 23:53:24"
  "362","2063","88","44704","139","6122347","0","0","2020-12-05 23:53:24","2020-12-05 23:53:24"
  "363","2063","3137","88108","919","2032705","0","0","2020-12-05 23:53:24","2020-12-05 23:53:24"
  "364","2063","2608","87662","929","5624958","0","0","2020-12-05 23:53:24","2020-12-05 23:53:24"
  "365","2063","1927","27167","265","4786375","0","0","2020-12-05 23:53:24","2020-12-05 23:53:24"
  "366","2063","3636","40324","758","8292803","0","0","2020-12-05 23:53:24","2020-12-05 23:53:24"
  "367","2063","1826","18521","240","9356429","0","0","2020-12-05 23:53:24","2020-12-05 23:53:24"
  "368","2063","1694","57481","935","5419077","0","0","2020-12-05 23:53:24","2020-12-05 23:53:24"
  "369","2063","4298","36747","434","8902631","0","0","2020-12-05 23:53:24","2020-12-05 23:53:24"
  "370","2063","5860","34025","956","6441700","0","0","2020-12-05 23:53:24","2020-12-05 23:53:24"
  "371","2063","1836","32523","603","3828592","0","0","2020-12-05 23:53:24","2020-12-05 23:53:24"
  "372","2063","5728","17590","605","4624925","0","0","2020-12-05 23:53:24","2020-12-05 23:53:24"
  "373","2063","2636","43387","470","4150303","0","0","2020-12-05 23:53:24","2020-12-05 23:53:24"
  "374","2063","826","96131","514","8180602","0","0","2020-12-05 23:53:24","2020-12-05 23:53:24"
  "375","2063","2377","62371","966","3793797","0","0","2020-12-05 23:53:24","2020-12-05 23:53:24"
  "376","2063","172","25505","428","9978433","0","0","2020-12-05 23:53:24","2020-12-05 23:53:24"
  "377","2063","4520","43172","784","3144421","0","0","2020-12-05 23:53:24","2020-12-05 23:53:24"
  "378","2063","353","76439","872","7161829","0","0","2020-12-05 23:53:24","2020-12-05 23:53:24"
  "379","2063","2911","94232","153","330088","0","0","2020-12-05 23:53:24","2020-12-05 23:53:24"
  "380","2063","604","54479","733","7531885","0","0","2020-12-05 23:53:24","2020-12-05 23:53:24"
  "381","2063","581","85194","600","2732589","0","0","2020-12-05 23:53:24","2020-12-05 23:53:24"
  "382","2063","4151","46074","704","1829835","0","0","2020-12-05 23:53:24","2020-12-05 23:53:24"
  "383","2063","3937","43604","793","4002406","0","0","2020-12-05 23:53:24","2020-12-05 23:53:24"
  "384","2063","1224","91254","402","4909182","0","0","2020-12-05 23:53:24","2020-12-05 23:53:24"
  "385","2063","4519","84533","941","6656567","0","0","2020-12-05 23:53:24","2020-12-05 23:53:24"
  "386","2063","2563","18522","852","3783547","0","0","2020-12-05 23:53:24","2020-12-05 23:53:24"
  "387","2063","5922","49158","164","5250250","0","0","2020-12-05 23:53:24","2020-12-05 23:53:24"
  "388","2063","6001","36383","933","9885368","0","0","2020-12-05 23:53:24","2020-12-05 23:53:24"
  "389","2063","6437","52350","580","1930334","0","0","2020-12-05 23:53:24","2020-12-05 23:53:24"
  "390","2063","4044","81071","778","4701677","0","0","2020-12-05 23:53:24","2020-12-05 23:53:24"
  "391","2063","2183","78047","994","5054216","0","0","2020-12-05 23:53:24","2020-12-05 23:53:24"
  "392","2063","6164","69297","813","5306763","0","0","2020-12-05 23:53:24","2020-12-05 23:53:24"
  "393","2063","4792","58887","795","6894387","0","0","2020-12-05 23:53:24","2020-12-05 23:53:24"
  "394","2063","786","79996","881","4685579","0","0","2020-12-05 23:53:24","2020-12-05 23:53:24"
  "395","2063","5331","83515","260","1999292","0","0","2020-12-05 23:53:24","2020-12-05 23:53:24"
  "396","2063","4838","68159","616","7512071","0","0","2020-12-05 23:53:24","2020-12-05 23:53:24"
  "397","2063","417","79439","404","1934902","0","0","2020-12-05 23:53:24","2020-12-05 23:53:24"
  "398","2063","3350","64067","849","6614319","0","0","2020-12-05 23:53:24","2020-12-05 23:53:24"
  "399","2063","6032","40792","422","8096432","0","0","2020-12-05 23:53:24","2020-12-05 23:53:24"
  "400","2063","6205","24724","191","5932249","0","0","2020-12-05 23:53:24","2020-12-05 23:53:24"
  "401","2063","4426","34931","974","6056994","0","0","2020-12-05 23:53:24","2020-12-05 23:53:24"
  "402","2063","4762","42634","209","6043749","0","0","2020-12-05 23:53:24","2020-12-05 23:53:24"
  "403","2063","881","24794","658","5398120","0","0","2020-12-05 23:53:24","2020-12-05 23:53:24"
  "404","2063","6352","75861","170","4790932","0","0","2020-12-05 23:53:24","2020-12-05 23:53:24"
  "405","2063","1432","19670","844","5934490","0","0","2020-12-05 23:53:24","2020-12-05 23:53:24"
  "406","2063","4505","18218","635","1604060","0","0","2020-12-05 23:53:24","2020-12-05 23:53:24"
  "407","2063","2149","76168","810","3326067","0","0","2020-12-05 23:53:24","2020-12-05 23:53:24"
  "408","2063","5951","71899","873","3191700","0","0","2020-12-05 23:53:24","2020-12-05 23:53:24"
  "409","2063","5908","91712","738","2404355","0","0","2020-12-05 23:53:24","2020-12-05 23:53:24"
  "410","2063","668","54468","809","2383358","0","0","2020-12-05 23:53:24","2020-12-05 23:53:24"
  "411","2063","3368","86974","630","5898579","0","0","2020-12-05 23:53:24","2020-12-05 23:53:24"
  "412","2063","5579","69284","740","5129185","0","0","2020-12-05 23:53:24","2020-12-05 23:53:24"
  "413","2063","2732","84960","646","4725232","0","0","2020-12-05 23:53:24","2020-12-05 23:53:24"
  "414","2063","2619","77522","369","1709821","0","0","2020-12-05 23:53:24","2020-12-05 23:53:24"
  "415","2063","4403","83408","554","2798716","0","0","2020-12-05 23:53:24","2020-12-05 23:53:24"
  "416","2063","634","31854","277","861123","0","0","2020-12-05 23:53:24","2020-12-05 23:53:24"
  "417","2063","5759","39887","224","8124369","0","0","2020-12-05 23:53:24","2020-12-05 23:53:24"
  "418","2063","24","5280","698","3031863","0","0","2020-12-05 23:53:24","2020-12-05 23:53:24"
  "419","2063","3627","98386","809","5659462","0","0","2020-12-05 23:53:24","2020-12-05 23:53:24"
  "420","2063","4525","16241","619","6067595","0","0","2020-12-05 23:53:24","2020-12-05 23:53:24"
  "421","2063","5592","35076","882","9610143","0","0","2020-12-05 23:53:24","2020-12-05 23:53:24"
  "422","2063","1528","85739","998","1832021","0","0","2020-12-05 23:53:24","2020-12-05 23:53:24"
  "423","2063","5506","73024","914","3233678","0","0","2020-12-05 23:53:24","2020-12-05 23:53:24"
  "424","2063","3547","53194","371","4179768","0","0","2020-12-05 23:53:24","2020-12-05 23:53:24"
  "425","2063","2986","36149","859","7790298","0","0","2020-12-05 23:53:24","2020-12-05 23:53:24"
  "426","2063","1292","48626","117","6819794","0","0","2020-12-05 23:53:24","2020-12-05 23:53:24"
  "427","2063","2436","12068","978","9227077","0","0","2020-12-05 23:53:24","2020-12-05 23:53:24"
  "428","2063","2640","17995","619","2213397","0","0","2020-12-05 23:53:24","2020-12-05 23:53:24"
  "429","2063","2466","33884","838","6387629","0","0","2020-12-05 23:53:24","2020-12-05 23:53:24"
  "430","2063","5502","85391","317","8617195","0","0","2020-12-05 23:53:24","2020-12-05 23:53:24"
  "431","2063","5010","21343","652","6945630","0","0","2020-12-05 23:53:24","2020-12-05 23:53:24"
  "432","2063","916","99669","835","8233911","0","0","2020-12-05 23:53:24","2020-12-05 23:53:24"
  "433","2063","6374","83902","280","5395550","0","0","2020-12-05 23:53:24","2020-12-05 23:53:24"
  "434","2063","155","14903","670","6874052","0","0","2020-12-05 23:53:24","2020-12-05 23:53:24"
  "435","2063","1257","7744","581","3124601","0","0","2020-12-05 23:53:24","2020-12-05 23:53:24"
  "436","2063","4137","44249","484","7947966","0","0","2020-12-05 23:53:24","2020-12-05 23:53:24"
  "437","2063","624","8459","656","2795908","0","0","2020-12-05 23:53:24","2020-12-05 23:53:24"
  "438","2063","2261","29807","888","1867536","0","0","2020-12-05 23:53:24","2020-12-05 23:53:24"
  "439","2063","4405","69845","666","815556","0","0","2020-12-05 23:53:24","2020-12-05 23:53:24"
  "440","2063","6243","54901","922","5795105","0","0","2020-12-05 23:53:24","2020-12-05 23:53:24"
  "441","2063","2414","62229","418","7302154","0","0","2020-12-05 23:53:24","2020-12-05 23:53:24"
  "442","2063","2886","54480","712","6085850","0","0","2020-12-05 23:53:24","2020-12-05 23:53:24"
  "443","2063","5155","19214","795","9157449","0","0","2020-12-05 23:53:24","2020-12-05 23:53:24"
  "444","2063","489","73584","538","2572317","0","0","2020-12-05 23:53:24","2020-12-05 23:53:24"
  "445","2063","2050","97544","425","3185837","0","0","2020-12-05 23:53:24","2020-12-05 23:53:24"
  "446","2063","5412","7743","268","4577920","0","0","2020-12-05 23:53:24","2020-12-05 23:53:24"
  "447","2063","5937","83793","203","7774860","0","0","2020-12-05 23:53:24","2020-12-05 23:53:24"
  "448","2063","4514","75851","846","4341457","0","0","2020-12-05 23:53:24","2020-12-05 23:53:24"
  "449","2063","1922","93673","631","5441061","0","0","2020-12-05 23:53:24","2020-12-05 23:53:24"
  "450","2063","4388","71989","401","460553","0","0","2020-12-05 23:53:24","2020-12-05 23:53:24"
  "451","2063","2559","17701","968","4855303","0","0","2020-12-05 23:53:24","2020-12-05 23:53:24"
  "452","2063","829","78040","706","7654524","0","0","2020-12-05 23:53:24","2020-12-05 23:53:24"
  "453","2063","1540","37973","495","2508259","0","0","2020-12-05 23:53:24","2020-12-05 23:53:24"
  "454","2063","1964","11440","278","4593760","0","0","2020-12-05 23:53:24","2020-12-05 23:53:24"
  "455","2063","1723","52029","799","6065062","0","0","2020-12-05 23:53:24","2020-12-05 23:53:24"
  "456","2063","1523","3943","848","1567968","0","0","2020-12-05 23:53:24","2020-12-05 23:53:24"
  "457","2063","3478","31320","368","763606","0","0","2020-12-05 23:53:24","2020-12-05 23:53:24"
  "458","2063","6105","5409","441","4323044","0","0","2020-12-05 23:53:24","2020-12-05 23:53:24"
  "459","2063","5772","55408","818","1939398","0","0","2020-12-05 23:53:24","2020-12-05 23:53:24"
  "460","2063","4104","2996","517","7680285","0","0","2020-12-05 23:53:24","2020-12-05 23:53:24"
  "461","2063","5770","64552","787","4921769","0","0","2020-12-05 23:53:24","2020-12-05 23:53:24"
  "462","2063","865","25613","641","3184969","0","0","2020-12-05 23:53:24","2020-12-05 23:53:24"
  "463","2063","6487","35773","917","6581850","0","0","2020-12-05 23:53:24","2020-12-05 23:53:24"
  "464","2063","4178","75356","142","735137","0","0","2020-12-05 23:53:24","2020-12-05 23:53:24"
  "465","2063","2703","28074","511","7255310","0","0","2020-12-05 23:53:24","2020-12-05 23:53:24"
  "466","2063","3700","6854","895","7632383","0","0","2020-12-05 23:53:24","2020-12-05 23:53:24"
  "467","2063","2059","59371","600","1497210","0","0","2020-12-05 23:53:24","2020-12-05 23:53:24"
  "468","2063","6422","14206","269","6906238","0","0","2020-12-05 23:53:24","2020-12-05 23:53:24"
  "469","2063","3728","98708","312","639167","0","0","2020-12-05 23:53:24","2020-12-05 23:53:24"
  "470","2063","1905","8168","347","2218821","0","0","2020-12-05 23:53:24","2020-12-05 23:53:24"
  "471","2063","1768","74089","306","2140585","0","0","2020-12-05 23:53:24","2020-12-05 23:53:24"
  "472","2063","848","13216","655","5423999","0","0","2020-12-05 23:53:24","2020-12-05 23:53:24"
  "473","2063","2930","64237","778","7022894","0","0","2020-12-05 23:53:24","2020-12-05 23:53:24"
  "474","2063","3888","49926","360","8576581","0","0","2020-12-05 23:53:24","2020-12-05 23:53:24"
  "475","2063","2921","81959","879","3909794","0","0","2020-12-05 23:53:24","2020-12-05 23:53:24"
  "476","2063","5122","47147","721","6036058","0","0","2020-12-05 23:53:24","2020-12-05 23:53:24"
  "477","2063","4059","27651","389","4153279","0","0","2020-12-05 23:53:24","2020-12-05 23:53:24"
  "478","2063","2138","62983","208","7906904","0","0","2020-12-05 23:53:24","2020-12-05 23:53:24"
  "479","2063","4477","59018","551","9567905","0","0","2020-12-05 23:53:24","2020-12-05 23:53:24"
  "480","2063","3607","62549","569","7264533","0","0","2020-12-05 23:53:24","2020-12-05 23:53:24"
  "481","2063","1541","57588","446","9020726","0","0","2020-12-05 23:53:24","2020-12-05 23:53:24"
  "482","2063","3617","38591","413","1618962","0","0","2020-12-05 23:53:24","2020-12-05 23:53:24"
  "483","2063","4432","21984","760","5523816","0","0","2020-12-05 23:53:24","2020-12-05 23:53:24"
  "484","2063","2622","47966","383","8732466","0","0","2020-12-05 23:53:24","2020-12-05 23:53:24"
  "485","2063","1617","98724","543","7298561","0","0","2020-12-05 23:53:24","2020-12-05 23:53:24"
  "486","2063","2153","27479","152","6127065","0","0","2020-12-05 23:53:24","2020-12-05 23:53:24"
  "487","2063","5422","9830","730","3600014","0","0","2020-12-05 23:53:24","2020-12-05 23:53:24"
  "488","2063","3398","65068","293","5234272","0","0","2020-12-05 23:53:24","2020-12-05 23:53:24"
  "489","2063","3667","19586","986","700184","0","0","2020-12-05 23:53:24","2020-12-05 23:53:24"
  "490","2063","2953","83484","781","9828589","0","0","2020-12-05 23:53:24","2020-12-05 23:53:24"
  "491","2063","595","31599","290","3921217","0","0","2020-12-05 23:53:24","2020-12-05 23:53:24"
  "492","2063","3860","28911","748","7842924","0","0","2020-12-05 23:53:24","2020-12-05 23:53:24"
  "493","2063","2690","98226","346","5508544","0","0","2020-12-05 23:53:24","2020-12-05 23:53:24"
  "494","2063","5301","30887","515","6218355","0","0","2020-12-05 23:53:24","2020-12-05 23:53:24"
  "495","2063","4008","68199","417","4075860","0","0","2020-12-05 23:53:24","2020-12-05 23:53:24"
  "496","2063","5980","69268","196","9692214","0","0","2020-12-05 23:53:24","2020-12-05 23:53:24"
  "497","2063","5832","45819","726","895568","0","0","2020-12-05 23:53:24","2020-12-05 23:53:24"
  "498","2063","242","60468","812","8593866","0","0","2020-12-05 23:53:24","2020-12-05 23:53:24"
  "499","2063","2685","3353","957","8881751","0","0","2020-12-05 23:53:24","2020-12-05 23:53:24"
  "500","2063","6420","19019","125","3546890","0","0","2020-12-05 23:53:24","2020-12-05 23:53:24"
  "501","2063","20","79282","894","3412377","0","0","2020-12-05 23:53:24","2020-12-05 23:53:24"
